n,d* lite diag timing,d* lite diag length,d* lite no diag timing,d* lite no diag length,bfs diag timing,bfs diag length,bfs no diag timing,bfs no diag length
2,0.000189,3,9.6e-05,3,2.9e-05,3,1.5e-05,3
3,0.000509,4,0.0002,4,3.9e-05,4,2.7000000000000002e-05,4
4,0.001456,9,0.00043000000000000004,9,0.000136,9,9.300000000000001e-05,9
5,0.00098,5,0.000683,10,0.000105,5,0.00013000000000000002,10
6,0.0010060000000000002,5,0.0008820000000000001,12,0.00014900000000000002,5,0.000297,12
7,0.004443,11,0.0012740000000000002,14,0.000606,13,0.000359,14
8,0.004184,9,0.0019850000000000002,24,0.0005250000000000001,9,0.000768,22
9,0.003324,8,0.002594,25,0.000653,8,0.0009680000000000001,23
10,0.006291000000000001,7,0.002735,13,0.000812,7,0.000729,13
11,0.010706,14,0.0042120000000000005,35,0.00149,12,0.001734,27
12,0.018836000000000002,11,0.0042320000000000005,31,0.0011690000000000001,11,0.002085,31
13,0.012692,15,0.005115000000000001,47,0.000692,15,0.000845,31
14,0.020997000000000002,15,0.006154000000000001,50,0.0007970000000000001,15,0.0019520000000000002,50
15,0.023591,16,0.008244000000000001,80,0.000925,15,0.002206,56
16,0.016552,17,0.007410000000000001,85,0.0021420000000000002,17,0.002514,53
17,0.024083,18,0.007854,45,0.0024140000000000003,18,0.002124,45
18,0.038899,15,0.009284,74,0.00135,15,0.003962,74
19,0.042906,20,0.010358000000000001,84,0.003007,20,0.004427,72
20,0.028997000000000002,18,0.007972,82,0.0033780000000000004,18,0.005891,80
21,0.07154,24,0.012443000000000001,105,0.003667,24,0.007540000000000001,105
22,0.06362000000000001,21,0.013788000000000002,103,0.004051,21,0.007786,91
23,0.095526,26,0.014867000000000002,87,0.0044340000000000004,25,0.007799,79
24,0.105729,29,0.009973000000000001,103,0.004861,29,0.009847,103
25,0.111984,26,0.019950000000000002,145,0.0052910000000000006,25,0.009241000000000001,89
26,0.10616700000000001,28,0.019342,195,0.002841,26,0.006683000000000001,99
27,0.12972,26,0.025772000000000003,239,0.003066,25,0.009045000000000001,121
28,0.19681600000000002,38,0.012440000000000001,115,0.006581,38,0.009631,115
29,0.167574,33,0.013493000000000002,123,0.007032,31,0.010381000000000001,123
30,0.216509,32,0.014920000000000001,141,0.0075650000000000005,32,0.013242,141
31,0.132914,27,0.035625000000000004,183,0.009094000000000001,27,0.014280000000000001,149
32,0.220728,29,0.032926000000000004,228,0.008606,27,0.012598000000000002,118
33,0.152707,26,0.035406,142,0.004664000000000001,26,0.016141000000000003,136
34,0.13853200000000002,26,0.037588,234,0.0048400000000000006,26,0.028663,230
35,0.258981,36,0.053982,188,0.010399,36,0.027435,226
36,0.427192,38,0.053052,412,0.010966,38,0.035264000000000004,252
37,0.289764,36,0.034119000000000003,264,0.011554,36,0.037167000000000006,258
38,0.407285,37,0.040098,282,0.012325000000000001,37,0.032245,282
39,0.450612,43,0.036766,266,0.01293,43,0.026454000000000002,232
40,0.44401900000000005,44,0.056917,266,0.006747,36,0.032081000000000005,264
41,0.49949600000000005,41,0.048738000000000004,270,0.014188000000000001,39,0.029265000000000003,244
42,0.48619700000000005,47,0.06744800000000001,466,0.015018,47,0.048388,376
43,0.7262580000000001,40,0.053802,324,0.015613,40,0.032168,226
44,0.8977940000000001,51,0.066002,300,0.018384,49,0.07061,436
45,0.7324350000000001,48,0.059582,278,0.02333,46,0.045486000000000006,278
46,0.984515,45,0.07677600000000001,276,0.020876000000000002,45,0.050129,262
47,1.090924,46,0.086652,606,0.02304,46,0.046021,244
48,1.3228630000000001,48,0.13134200000000001,418,0.021453,46,0.09194000000000001,534
49,1.088618,51,0.08806,424,0.02043,47,0.053699000000000004,306
50,1.3900400000000002,48,0.077432,352,0.021124,48,0.08075800000000001,434
51,1.887677,51,0.085969,216,0.011868,45,0.03519,216
52,0.8971300000000001,45,0.062712,456,0.011380000000000001,45,0.047052000000000004,280
53,1.6427530000000001,46,0.08995700000000001,388,0.011788,45,0.062734,380
54,1.953265,48,0.10830600000000001,374,0.024598000000000002,48,0.065306,368
55,1.227225,47,0.098787,494,0.025768000000000003,47,0.075257,422
56,2.6096000000000004,65,0.159758,417,0.026407,63,0.101428,575
57,2.8964600000000003,68,0.12324700000000001,397,0.027648000000000002,67,0.081155,417
58,1.5740390000000002,60,0.20031400000000002,749,0.028419000000000003,60,0.067803,349
59,3.449155,66,0.15074600000000002,601,0.029382000000000002,66,0.09552300000000001,467
60,1.800103,69,0.042418000000000004,385,0.030494,66,0.080816,385
61,3.7374560000000003,66,0.11281100000000001,471,0.031467,65,0.07440000000000001,345
62,1.9200290000000002,65,0.12116400000000001,641,0.035836,65,0.096514,441
63,2.254328,72,0.107488,515,0.033625,72,0.09886500000000001,545
64,1.7353450000000001,47,0.093965,582,0.017324000000000003,47,0.11259000000000001,582
65,1.6355680000000001,54,0.18189000000000002,586,0.01785,51,0.11662600000000001,586
66,2.179802,48,0.13573100000000002,576,0.018590000000000002,48,0.109543,534
67,1.711864,52,0.16184500000000002,1112,0.018926000000000002,50,0.17472200000000002,800
68,2.304371,49,0.155652,534,0.019601,47,0.107974,456
69,4.044791,75,0.207798,433,0.040467,72,0.098931,433
70,4.671506,77,0.091132,621,0.041954000000000005,76,0.153348,621
71,4.331817,74,0.167026,1269,0.043242,72,0.158785,645
72,6.4345740000000005,80,0.137964,979,0.046639,79,0.12587800000000002,473
73,4.896466,77,0.12842900000000002,721,0.046205,76,0.180734,681
74,6.115363,76,0.09677300000000001,617,0.047885000000000004,73,0.17036800000000002,617
75,5.153630000000001,81,0.185042,361,0.049273000000000004,76,0.104164,361
76,6.202517,75,0.175735,1553,0.050483,75,0.196448,845
77,7.117922,80,0.21629700000000002,605,0.051945000000000005,74,0.12428,465
78,5.785375,78,0.20594,939,0.053517,74,0.142907,533
79,8.544,81,0.191427,1111,0.054319000000000006,72,0.113388,431
80,5.66127,74,0.206211,739,0.05596,72,0.136302,505
81,5.472524,72,0.23941500000000002,1185,0.057425000000000004,72,0.258087,971
82,7.368566,70,0.276836,1733,0.059714,70,0.195305,713
83,7.011569000000001,78,0.32321,729,0.080097,73,0.246068,813
84,10.894398,96,0.309263,467,0.061957000000000005,93,0.14813,467
85,10.992828000000001,92,0.21901500000000002,1493,0.063764,91,0.303296,987
86,12.878118,99,0.25522100000000003,1509,0.064956,94,0.23389200000000002,779
87,11.747437000000001,91,0.101218,757,0.066457,89,0.238095,757
88,9.582378,95,0.296833,1357,0.067872,88,0.245008,843
89,14.255545000000001,96,0.284074,2037,0.071151,91,0.332505,1117
90,10.371135,93,0.25708400000000003,1007,0.071784,92,0.29836,1007
91,12.342888,97,0.171416,1005,0.073518,94,0.28292100000000003,949
92,13.869543,88,0.412696,1179,0.07437500000000001,88,0.358285,1151
93,17.392751,95,0.282552,1405,0.07556800000000001,92,0.295337,907
94,12.980109,93,0.331894,1269,0.077866,93,0.40243900000000005,1267
95,16.921456000000003,96,0.37602800000000003,1375,0.079348,94,0.38073500000000005,1187
96,14.424604,96,0.23132100000000003,1045,0.080983,89,0.36363300000000004,1061
97,15.522166,92,0.12191700000000001,1025,0.08319,91,0.32294700000000004,943
98,16.034686,92,0.142621,945,0.09592700000000001,91,0.345137,863
99,24.584975,95,0.459131,1263,0.086555,93,0.415229,1179
100,15.435914,94,0.42669,1113,0.087909,91,0.396123,1073
